retrieval_id,formal_search_id,formal_query_id,surface_profile,domain,language,result_position,title,original_title_if_applicable,author_or_institution,publication_date,source_type,publisher_or_host,url_or_identifier,underlying_source_domain,geographic_scope,temporal_scope,metadata_available,abstract_available,access_status,duplicate_of,preliminary_source_tier,eligibility_status,eligibility_reason,sensitivity_flag,specialist_review_flag,route_for_future_review,working_translation_status,notes
RET-0001,FS-001,FQ-D2-001,ENV-001-SURFACE-CLOUD-01,D2,English,1,"List of museums in Tehran",NOT_APPLICABLE,NOT_CAPTURED,NOT_CAPTURED,ENCYCLOPEDIA_ENTRY,en.wikipedia.org,https://en.wikipedia.org/wiki/List_of_museums_in_Tehran,en.wikipedia.org,IRAN_TEHRAN,NOT_CAPTURED,PARTIAL (title|url|host),NO,NOT_VERIFIED,NONE,TIER_UNRESOLVED,EXCLUDED_AT_METADATA,"Geographic scope mismatch; Tehran museums list, not Kelardasht",NO,NO,NONE,NOT_APPLICABLE,"Tertiary reference surfaced by token overlap (موزه); non-evidentiary ranking"
RET-0002,FS-001,FQ-D2-001,ENV-001-SURFACE-CLOUD-01,D2,Persian,2,"کاخ تاریخی اجابیت کلاردشت به مردم بازگردانده شد - خبرگزاری مهر | اخبار ایران و جهان | Mehr News Agency",NOT_APPLICABLE,NOT_CAPTURED,NOT_CAPTURED,NEWS_AGENCY_ARTICLE,mehrnews.com,https://www.mehrnews.com/news/6957781/,mehrnews.com,KELARDASHT,NOT_CAPTURED,PARTIAL (title|url|host),NO,NOT_VERIFIED,NONE,D,POTENTIALLY_ELIGIBLE,"Kelardasht heritage-institution (Ajabeyyat palace/museum) statement; establishes a statement exists only",NO,NO,0B,ORIGINAL_PERSIAN_PRESERVED; NO_VERIFIED_TRANSLATION,"Official-statement rule: existence of statement only, content not verified"
RET-0003,FS-001,FQ-D2-001,ENV-001-SURFACE-CLOUD-01,D2,Persian,3,"کلاردشت به قطب گردشگری تاریخی کشور تبدیل می‌شود - خبرگزاری مهر | اخبار ایران و جهان | Mehr News Agency",NOT_APPLICABLE,NOT_CAPTURED,NOT_CAPTURED,NEWS_AGENCY_ARTICLE,mehrnews.com,https://www.mehrnews.com/news/6957572/,mehrnews.com,KELARDASHT,NOT_CAPTURED,PARTIAL (title|url|host),NO,NOT_VERIFIED,NONE,D,POTENTIALLY_ELIGIBLE,"Kelardasht tourism-initiative statement; establishes a statement exists only",NO,NO,0B,ORIGINAL_PERSIAN_PRESERVED; NO_VERIFIED_TRANSLATION,"First appearance of this story lineage; recurs as RET-0006/0012/0015/0031"
RET-0004,FS-001,FQ-D2-001,ENV-001-SURFACE-CLOUD-01,D2,Persian,4,"کاخ «اجابیت» موزه باستان شناسی می‌شود - خبرگزاری مهر | اخبار ایران و جهان | Mehr News Agency",NOT_APPLICABLE,NOT_CAPTURED,NOT_CAPTURED,NEWS_AGENCY_ARTICLE,mehrnews.com,https://www.mehrnews.com/news/6701545/,mehrnews.com,KELARDASHT,NOT_CAPTURED,PARTIAL (title|url|host),NO,NOT_VERIFIED,NONE,D,POTENTIALLY_ELIGIBLE,"Kelardasht museum-conversion statement; establishes a statement exists only",NO,NO,0B,ORIGINAL_PERSIAN_PRESERVED; NO_VERIFIED_TRANSLATION,"Distinct earlier report from RET-0002"
RET-0005,FS-001,FQ-D2-001,ENV-001-SURFACE-CLOUD-01,D2,Persian,5,"کلاردشت کلارنو | دیدنی های کلاردشت",NOT_APPLICABLE,NOT_CAPTURED,NOT_CAPTURED,BLOG,kelardasht.blogfa.com,https://kelardasht.blogfa.com/category/12,kelardasht.blogfa.com,KELARDASHT,NOT_CAPTURED,PARTIAL (title|url|host),NO,NOT_VERIFIED,NONE,E,DISCOVERY_ONLY,"Non-authoritative self-published page; discovery landscape only",NO,NO,NONE,ORIGINAL_PERSIAN_PRESERVED; NO_VERIFIED_TRANSLATION,"Blog platform (blogfa); weak-lead class"
RET-0006,FS-001,FQ-D2-001,ENV-001-SURFACE-CLOUD-01,D2,Persian,6,"کلاردشت به قطب گردشگری تاریخی کشور تبدیل می‌شود | آخرین خبر",NOT_APPLICABLE,NOT_CAPTURED,NOT_CAPTURED,NEWS_AGGREGATOR_ARTICLE,akharinkhabar.ir,https://akharinkhabar.ir/local/11016623/,akharinkhabar.ir,KELARDASHT,NOT_CAPTURED,PARTIAL (title|url|host),NO,NOT_VERIFIED,RET-0003,D,DUPLICATE,"Cross-host republication of the same story as RET-0003 (identical headline)",NO,NO,NONE,ORIGINAL_PERSIAN_PRESERVED; NO_VERIFIED_TRANSLATION,"Content-lineage duplicate on a different host; not independent corroboration"
RET-0007,FS-001,FQ-D2-001,ENV-001-SURFACE-CLOUD-01,D2,English,7,"List of museums in Iran",NOT_APPLICABLE,NOT_CAPTURED,NOT_CAPTURED,ENCYCLOPEDIA_ENTRY,en.wikipedia.org,https://en.wikipedia.org/wiki/List_of_museums_in_Iran,en.wikipedia.org,IRAN_NATIONAL,NOT_CAPTURED,PARTIAL (title|url|host),NO,NOT_VERIFIED,NONE,TIER_UNRESOLVED,EXCLUDED_AT_METADATA,"Geographic scope mismatch; national museums list, not Kelardasht",NO,NO,NONE,NOT_APPLICABLE,"Tertiary reference surfaced by token overlap"
RET-0008,FS-001,FQ-D2-001,ENV-001-SURFACE-CLOUD-01,D2,Persian,8,"تولد دوباره خشت‌ها",NOT_APPLICABLE,NOT_CAPTURED,NOT_CAPTURED,NEWS_AGENCY_ARTICLE,jamejamonline.ir,https://jamejamonline.ir/fa/news/1568122/,jamejamonline.ir,UNRESOLVED,NOT_CAPTURED,PARTIAL (title|url|host),NO,NOT_VERIFIED,NONE,D,DISCOVERY_ONLY,"Title alone does not establish Kelardasht subject; discovery only",NO,NO,0B,ORIGINAL_PERSIAN_PRESERVED; NO_VERIFIED_TRANSLATION,"Recurs as RET-0035; geographic scope not determinable from title without substantive read"
RET-0009,FS-001,FQ-D2-001,ENV-001-SURFACE-CLOUD-01,D2,English,9,"Ardabil Anthropology Museum",NOT_APPLICABLE,NOT_CAPTURED,NOT_CAPTURED,ENCYCLOPEDIA_ENTRY,en.wikipedia.org,https://en.wikipedia.org/wiki/Ardabil_Anthropology_Museum,en.wikipedia.org,IRAN_ARDABIL,NOT_CAPTURED,PARTIAL (title|url|host),NO,NOT_VERIFIED,NONE,TIER_UNRESOLVED,EXCLUDED_AT_METADATA,"Geographic scope mismatch; Ardabil, not Kelardasht",NO,NO,NONE,NOT_APPLICABLE,"Tertiary reference surfaced by token overlap (موزه)"
RET-0010,FS-002,FQ-D3-001,ENV-001-SURFACE-CLOUD-01,D3,Persian,1,"صفحه اصلی - پژوهشگاه میراث فرهنگی و گردشگری - پژوهشکده میراث فرهنگی",NOT_APPLICABLE,پژوهشگاه میراث فرهنگی و گردشگری (RICHT),NOT_CAPTURED,RESEARCH_INSTITUTE_SITE,richt.ir,https://richt.ir/en/,richt.ir,IRAN_NATIONAL,NOT_CAPTURED,PARTIAL (title|url|host),NO,NOT_VERIFIED,NONE,C,POTENTIALLY_ELIGIBLE,"Official heritage research institute landing page; candidate provenance",NO,NO,0C,ORIGINAL_PERSIAN_PRESERVED; NO_VERIFIED_TRANSLATION,"Homepage, not a Kelardasht-specific record; institution identity observable from domain"
RET-0011,FS-002,FQ-D3-001,ENV-001-SURFACE-CLOUD-01,D3,Persian,2,"میراث آریا",NOT_APPLICABLE,NOT_CAPTURED,NOT_CAPTURED,NEWS_AGENCY_SITE,chtn.ir,https://www.chtn.ir/,chtn.ir,IRAN_NATIONAL,NOT_CAPTURED,PARTIAL (title|url|host),NO,NOT_VERIFIED,NONE,D,DISCOVERY_ONLY,"Heritage news-agency homepage, not a specific record; discovery only",NO,NO,NONE,ORIGINAL_PERSIAN_PRESERVED; NO_VERIFIED_TRANSLATION,"Landing/home page"
RET-0012,FS-002,FQ-D3-001,ENV-001-SURFACE-CLOUD-01,D3,Persian,3,"کلاردشت به قطب گردشگری تاریخی کشور تبدیل می‌شود - خبرگزاری مهر | اخبار ایران و جهان | Mehr News Agency",NOT_APPLICABLE,NOT_CAPTURED,NOT_CAPTURED,NEWS_AGENCY_ARTICLE,mehrnews.com,https://www.mehrnews.com/news/6957572/,mehrnews.com,KELARDASHT,NOT_CAPTURED,PARTIAL (title|url|host),NO,NOT_VERIFIED,RET-0003,D,DUPLICATE,"Exact-URL repeat of RET-0003 across a different formal search",NO,NO,NONE,ORIGINAL_PERSIAN_PRESERVED; NO_VERIFIED_TRANSLATION,"Same URL retrieved by FQ-D3-001; cross-query duplicate"
RET-0013,FS-002,FQ-D3-001,ENV-001-SURFACE-CLOUD-01,D3,Persian,4,"اداره کل میراث فرهنگی، صنایع دستی و گردشگری مازندران",NOT_APPLICABLE,اداره کل میراث فرهنگی، صنایع دستی و گردشگری مازندران,NOT_CAPTURED,GOVERNMENT_INSTITUTION_SITE,mazandaran.mcth.ir,https://mazandaran.mcth.ir/,mazandaran.mcth.ir,IRAN_MAZANDARAN,NOT_CAPTURED,PARTIAL (title|url|host),NO,NOT_VERIFIED,NONE,A,POTENTIALLY_ELIGIBLE,"Responsible provincial heritage authority portal; candidate provenance for 0B/0D",NO,NO,0B,ORIGINAL_PERSIAN_PRESERVED; NO_VERIFIED_TRANSLATION,"Provincial authority with jurisdiction over Kelardasht; homepage not a specific record"
RET-0014,FS-002,FQ-D3-001,ENV-001-SURFACE-CLOUD-01,D3,Persian,5,"صالحی‌امیری: قطار گردشگری باید سرعت بگیرد - خبرگزاری مهر | اخبار ایران و جهان | Mehr News Agency",NOT_APPLICABLE,NOT_CAPTURED,NOT_CAPTURED,NEWS_AGENCY_ARTICLE,mehrnews.com,https://www.mehrnews.com/news/6959426/,mehrnews.com,IRAN_NATIONAL,NOT_CAPTURED,PARTIAL (title|url|host),NO,NOT_VERIFIED,NONE,D,DISCOVERY_ONLY,"National-level ministerial statement; not Kelardasht-specific by title; discovery only",NO,NO,NONE,ORIGINAL_PERSIAN_PRESERVED; NO_VERIFIED_TRANSLATION,"Named national official; no Kelardasht attribution from title"
RET-0015,FS-002,FQ-D3-001,ENV-001-SURFACE-CLOUD-01,D3,Persian,6,"کلاردشت به قطب گردشگری تاریخی کشور تبدیل می‌شود | آخرین خبر",NOT_APPLICABLE,NOT_CAPTURED,NOT_CAPTURED,NEWS_AGGREGATOR_ARTICLE,akharinkhabar.ir,https://akharinkhabar.ir/local/11016623/,akharinkhabar.ir,KELARDASHT,NOT_CAPTURED,PARTIAL (title|url|host),NO,NOT_VERIFIED,RET-0006,D,DUPLICATE,"Exact-URL repeat of RET-0006 across a different formal search",NO,NO,NONE,ORIGINAL_PERSIAN_PRESERVED; NO_VERIFIED_TRANSLATION,"Second recurrence of the akharinkhabar republication"
RET-0016,FS-002,FQ-D3-001,ENV-001-SURFACE-CLOUD-01,D3,Persian,7,"ایجاد منطقه ویژه گردشگری کلاردشت در دست پیگیری است",NOT_APPLICABLE,NOT_CAPTURED,NOT_CAPTURED,NEWS_AGENCY_ARTICLE,yjc.ir,https://www.yjc.ir/fa/news/8875601/,yjc.ir,KELARDASHT,NOT_CAPTURED,PARTIAL (title|url|host),NO,NOT_VERIFIED,NONE,D,POTENTIALLY_ELIGIBLE,"Kelardasht special-tourism-zone initiative statement; establishes a statement exists only",NO,NO,0B,ORIGINAL_PERSIAN_PRESERVED; NO_VERIFIED_TRANSLATION,"Initiative-status candidate; do not infer approval/implementation from title"
RET-0017,FS-002,FQ-D3-001,ENV-001-SURFACE-CLOUD-01,D3,Persian,8,"کلاردشت گنجینه‌ای از شگفتی‌های طبیعی و تاریخی است",NOT_APPLICABLE,NOT_CAPTURED,NOT_CAPTURED,NEWS_AGENCY_ARTICLE,jamejamonline.ir,https://jamejamonline.ir/fa/news/1552432/,jamejamonline.ir,KELARDASHT,NOT_CAPTURED,PARTIAL (title|url|host),NO,NOT_VERIFIED,NONE,D,DISCOVERY_ONLY,"Promotional/descriptive coverage; discovery landscape only",NO,NO,NONE,ORIGINAL_PERSIAN_PRESERVED; NO_VERIFIED_TRANSLATION,"Descriptive tone; weak for gate-critical facts"
RET-0018,FS-002,FQ-D3-001,ENV-001-SURFACE-CLOUD-01,D3,Persian,9,"آغاز طرح مکان رویداد برای مراسم فرهنگی و اجتماعی در کلات | خبرگزاری صدا و سیما",NOT_APPLICABLE,NOT_CAPTURED,NOT_CAPTURED,NEWS_AGENCY_ARTICLE,irib-news.ir,https://www.irib-news.ir/fa/news/5923040/,irib-news.ir,IRAN_KALAT,NOT_CAPTURED,PARTIAL (title|url|host),NO,NOT_VERIFIED,NONE,D,EXCLUDED_AT_METADATA,"Geographic/term mismatch; concerns کلات (Kalat), not کلاردشت (Kelardasht)",NO,NO,NONE,ORIGINAL_PERSIAN_PRESERVED; NO_VERIFIED_TRANSLATION,"Likely token confusion between Kalat and Kelardasht on this surface"
RET-0019,FS-003,FQ-D3-002,ENV-001-SURFACE-CLOUD-01,D3,Persian,1,"گزارش بررسی لایحه بودجه سال ۱۴۰۰ کل کشور ۳۵. بودجه بخش میراث فرهنگی، صنایع دستی و گردشگری",NOT_APPLICABLE,NOT_CAPTURED,NOT_CAPTURED,ACADEMIC_INDEX_RECORD,civilica.com,https://civilica.com/doc/1332905/,civilica.com,IRAN_NATIONAL,NOT_CAPTURED,PARTIAL (title|url|host),NO,NOT_VERIFIED,NONE,TIER_UNRESOLVED,POTENTIALLY_ELIGIBLE,"National heritage-sector budget analysis; relevant to funding context; not Kelardasht-specific",NO,NO,0D,ORIGINAL_PERSIAN_PRESERVED; NO_VERIFIED_TRANSLATION,"Returned title contained a corrupted glyph in 'لایحه' (rendered as replacement chars); recorded corrected; civilica access often restricted"
RET-0020,FS-003,FQ-D3-002,ENV-001-SURFACE-CLOUD-01,D3,Persian,2,"نمایش جام زرین ایرانی در اسفند ماه / بازگشایی کاخ جهانی دوره صفوی بعد از 40 سال",NOT_APPLICABLE,NOT_CAPTURED,NOT_CAPTURED,NEWS_AGENCY_ARTICLE,fararu.com,https://fararu.com/fa/news/949742/,fararu.com,UNRESOLVED,NOT_CAPTURED,PARTIAL (title|url|host),NO,NOT_VERIFIED,NONE,D,DISCOVERY_ONLY,"Golden-cup display / palace reopening; Kelardasht link plausible but not established by title",NO,NO,0B,ORIGINAL_PERSIAN_PRESERVED; NO_VERIFIED_TRANSLATION,"Geographic scope not determinable from title without substantive read"
RET-0021,FS-003,FQ-D3-002,ENV-001-SURFACE-CLOUD-01,D3,Persian,3,"شتاب‌بخشی به توسعه زیرساخت‌های کلاردشت با ۳ تصمیم استاندار مازندران - ایمنا",NOT_APPLICABLE,NOT_CAPTURED,NOT_CAPTURED,NEWS_AGENCY_ARTICLE,imna.ir,https://www.imna.ir/news/1001598/,imna.ir,KELARDASHT,NOT_CAPTURED,PARTIAL (title|url|host),NO,NOT_VERIFIED,NONE,D,POTENTIALLY_ELIGIBLE,"Kelardasht infrastructure/governor-decision statement; establishes a statement exists only",NO,NO,0B,ORIGINAL_PERSIAN_PRESERVED; NO_VERIFIED_TRANSLATION,"Initiative-status candidate; do not infer implementation from a decision announcement"
RET-0022,FS-003,FQ-D3-002,ENV-001-SURFACE-CLOUD-01,D3,Persian,4,"۳ دستور ویژه استاندار در کلاردشت؛ کاخ اجابیت عمومی می شود - خبرگزاری مهر | اخبار ایران و جهان | Mehr News Agency",NOT_APPLICABLE,NOT_CAPTURED,NOT_CAPTURED,NEWS_AGENCY_ARTICLE,mehrnews.com,https://www.mehrnews.com/news/6937718/,mehrnews.com,KELARDASHT,NOT_CAPTURED,PARTIAL (title|url|host),NO,NOT_VERIFIED,NONE,D,POTENTIALLY_ELIGIBLE,"Kelardasht governor-decision statement; establishes a statement exists only",NO,NO,0B,ORIGINAL_PERSIAN_PRESERVED; NO_VERIFIED_TRANSLATION,"Possible content overlap with RET-0021 (same event); lineage to confirm at review, not now"
RET-0023,FS-003,FQ-D3-002,ENV-001-SURFACE-CLOUD-01,D3,Persian,5,"۱۹ طرح میراث‌فرهنگی گلستان در هفته دولت افتتاح و کلنگ‌زنی می‌شود",NOT_APPLICABLE,NOT_CAPTURED,NOT_CAPTURED,NEWS_AGENCY_ARTICLE,jamejamonline.ir,https://jamejamonline.ir/fa/news/1563463/,jamejamonline.ir,IRAN_GOLESTAN,NOT_CAPTURED,PARTIAL (title|url|host),NO,NOT_VERIFIED,NONE,D,EXCLUDED_AT_METADATA,"Geographic scope mismatch; Golestan province, not Kelardasht",NO,NO,NONE,ORIGINAL_PERSIAN_PRESERVED; NO_VERIFIED_TRANSLATION,"Surfaced by heritage/plan token overlap"
RET-0024,FS-003,FQ-D3-002,ENV-001-SURFACE-CLOUD-01,D3,Persian,6,"تخصیص ۳۰۲ میلیارد ریال اعتبار برای توسعه گردشگری فارس",NOT_APPLICABLE,NOT_CAPTURED,NOT_CAPTURED,NEWS_AGENCY_ARTICLE,yjc.ir,https://www.yjc.ir/fa/news/9048977/,yjc.ir,IRAN_FARS,NOT_CAPTURED,PARTIAL (title|url|host),NO,NOT_VERIFIED,NONE,D,EXCLUDED_AT_METADATA,"Geographic scope mismatch; Fars province, not Kelardasht",NO,NO,NONE,ORIGINAL_PERSIAN_PRESERVED; NO_VERIFIED_TRANSLATION,"Surfaced by budget/credit token overlap"
RET-0025,FS-003,FQ-D3-002,ENV-001-SURFACE-CLOUD-01,D3,Persian,7,"شیوه‌های مشارکت بخش خصوصی و مردمی در حفاظت از اماکن تاریخی در کشورهای جهان",NOT_APPLICABLE,مرکز پژوهش‌های مجلس شورای اسلامی,NOT_CAPTURED,PARLIAMENTARY_RESEARCH_REPORT,report.mrc.ir,https://report.mrc.ir/article_11820.html,report.mrc.ir,INTERNATIONAL_COMPARATIVE,NOT_CAPTURED,PARTIAL (title|url|host),NO,NOT_VERIFIED,NONE,C,DISCOVERY_ONLY,"Comparative conceptual study (private/public participation in heritage protection); not Kelardasht-specific",NO,NO,0C,ORIGINAL_PERSIAN_PRESERVED; NO_VERIFIED_TRANSLATION,"Majlis Research Center; institution identity observable from domain"
RET-0026,FS-003,FQ-D3-002,ENV-001-SURFACE-CLOUD-01,D3,Persian,8,"معاونت گردشگری اداره کل میراث فرهنگی استان خراسان رضوی - نمونه قراردادها",NOT_APPLICABLE,اداره کل میراث فرهنگی استان خراسان رضوی,NOT_CAPTURED,GOVERNMENT_INSTITUTION_SITE,tourism.razavichto.ir,https://tourism.razavichto.ir/Contractsagencies.aspx,tourism.razavichto.ir,IRAN_RAZAVI_KHORASAN,NOT_CAPTURED,PARTIAL (title|url|host),NO,NOT_VERIFIED,NONE,A,EXCLUDED_AT_METADATA,"Geographic scope mismatch; Razavi Khorasan authority, not Kelardasht",NO,NO,NONE,ORIGINAL_PERSIAN_PRESERVED; NO_VERIFIED_TRANSLATION,"Surfaced by contract/tourism token overlap; different provincial authority"
RET-0027,FS-003,FQ-D3-002,ENV-001-SURFACE-CLOUD-01,D3,Persian,9,"نظام فنی و اجرایی اختصاصی بناها و بافت‌های تاریخی ـ فرهنگی",NOT_APPLICABLE,NOT_CAPTURED,NOT_CAPTURED,REGULATORY_TECHNICAL_PORTAL,nezamat.ir,https://nezamat.ir/,nezamat.ir,IRAN_NATIONAL,NOT_CAPTURED,PARTIAL (title|url|host),NO,NOT_VERIFIED,NONE,TIER_UNRESOLVED,DISCOVERY_ONLY,"National technical-executive framework for historic buildings; methodological, not Kelardasht-specific",NO,NO,0D,ORIGINAL_PERSIAN_PRESERVED; NO_VERIFIED_TRANSLATION,"Host authority not fully established from title"
RET-0028,FS-004,FQ-D11-001,ENV-001-SURFACE-CLOUD-01,D11,Persian,1,"سالنامهٔ آماری وزارت میراث فرهنگی، صنایع دستی و گردشگری (سال ۱۳۹۸)",NOT_APPLICABLE,NOT_CAPTURED,NOT_CAPTURED,STATISTICAL_YEARBOOK_RECORD,ircud.ir,https://ircud.ir/fa/content/283887/,ircud.ir,IRAN_NATIONAL,NOT_CAPTURED,PARTIAL (title|url|host),NO,NOT_VERIFIED,NONE,TIER_UNRESOLVED,POTENTIALLY_ELIGIBLE,"Ministry statistical yearbook (1398) surfaced via third-party host; candidate 0D data source",NO,NO,0D,ORIGINAL_PERSIAN_PRESERVED; NO_VERIFIED_TRANSLATION,"Underlying source is the official ministry yearbook; host identity/authority unverified"
RET-0029,FS-004,FQ-D11-001,ENV-001-SURFACE-CLOUD-01,D11,Persian,2,"کتاب سالنامه آماری سال 1397 سازمان میراث فرهنگی، صنایع دستی و گردشگری [چ1] -فروشگاه اینترنتی کتاب گیسوم",NOT_APPLICABLE,NOT_CAPTURED,NOT_CAPTURED,COMMERCIAL_BOOK_LISTING,gisoom.com,https://www.gisoom.com/book/11590685/,gisoom.com,IRAN_NATIONAL,NOT_CAPTURED,PARTIAL (title|url|host),NO,NOT_VERIFIED,NONE,TIER_UNRESOLVED,DISCOVERY_ONLY,"Commercial catalog listing pointing to official yearbook (1397); discovery of publication existence only",NO,NO,0D,ORIGINAL_PERSIAN_PRESERVED; NO_VERIFIED_TRANSLATION,"Bookstore listing, not the source itself"
RET-0030,FS-004,FQ-D11-001,ENV-001-SURFACE-CLOUD-01,D11,Persian,3,"کتاب سالنامه آماری 1395: سازمان میراث فرهنگی، صنایع دستی و گردشگری [چ1] -کتاب گیسوم",NOT_APPLICABLE,NOT_CAPTURED,NOT_CAPTURED,COMMERCIAL_BOOK_LISTING,gisoom.com,https://www.gisoom.com/book/11640562/,gisoom.com,IRAN_NATIONAL,NOT_CAPTURED,PARTIAL (title|url|host),NO,NOT_VERIFIED,NONE,TIER_UNRESOLVED,DISCOVERY_ONLY,"Commercial catalog listing pointing to official yearbook (1395); discovery of publication existence only",NO,NO,0D,ORIGINAL_PERSIAN_PRESERVED; NO_VERIFIED_TRANSLATION,"Bookstore listing; decoded-Persian URL as returned"
RET-0031,FS-004,FQ-D11-001,ENV-001-SURFACE-CLOUD-01,D11,Persian,4,"کلاردشت به قطب گردشگری تاریخی کشور تبدیل می‌شود | آخرین خبر",NOT_APPLICABLE,NOT_CAPTURED,NOT_CAPTURED,NEWS_AGGREGATOR_ARTICLE,akharinkhabar.ir,https://akharinkhabar.ir/local/11016623/,akharinkhabar.ir,KELARDASHT,NOT_CAPTURED,PARTIAL (title|url|host),NO,NOT_VERIFIED,RET-0006,D,DUPLICATE,"Exact-URL repeat of RET-0006 in a third formal search",NO,NO,NONE,ORIGINAL_PERSIAN_PRESERVED; NO_VERIFIED_TRANSLATION,"Third recurrence; strong duplicate lineage across queries"
RET-0032,FS-004,FQ-D11-001,ENV-001-SURFACE-CLOUD-01,D11,Persian,5,"وزارت میراث‌فرهنگی، گردشگری و صنایع‌دستی",NOT_APPLICABLE,وزارت میراث فرهنگی، گردشگری و صنایع دستی,NOT_CAPTURED,GOVERNMENT_INSTITUTION_SITE,mcth.ir,https://www.mcth.ir/,mcth.ir,IRAN_NATIONAL,NOT_CAPTURED,PARTIAL (title|url|host),NO,NOT_VERIFIED,NONE,A,POTENTIALLY_ELIGIBLE,"National heritage ministry portal; authoritative institution/data candidate",NO,NO,0D,ORIGINAL_PERSIAN_PRESERVED; NO_VERIFIED_TRANSLATION,"Homepage; institution identity observable from domain"
RET-0033,FS-004,FQ-D11-001,ENV-001-SURFACE-CLOUD-01,D11,Persian,6,"Mcth",NOT_APPLICABLE,وزارت میراث فرهنگی، گردشگری و صنایع دستی,NOT_CAPTURED,OFFICIAL_STATISTICAL_PUBLICATION_PDF,mcth.ir,https://www.mcth.ir/Portals/0/pdf/salname.pdf,mcth.ir,IRAN_NATIONAL,NOT_CAPTURED,PARTIAL (title|url|host),NO,NOT_VERIFIED,NONE,A,POTENTIALLY_ELIGIBLE,"Statistical yearbook PDF on the official ministry domain; direct 0D data-source candidate",NO,NO,0D,NOT_APPLICABLE,"Generic returned title ('Mcth'); PDF not dereferenced; underlying is official yearbook"
RET-0034,FS-004,FQ-D11-001,ENV-001-SURFACE-CLOUD-01,D11,Persian,7,"سالنامه آماری سازمان میراث فرهنگی، صنایع دستی و گردشگری - نمافر",NOT_APPLICABLE,NOT_CAPTURED,NOT_CAPTURED,FILE_AGGREGATOR,namafar.ir,https://namafar.ir/file/,namafar.ir,IRAN_NATIONAL,NOT_CAPTURED,PARTIAL (title|url|host),NO,NOT_VERIFIED,NONE,TIER_UNRESOLVED,DISCOVERY_ONLY,"Third-party file aggregator listing the yearbook; discovery of publication existence only",NO,NO,0D,ORIGINAL_PERSIAN_PRESERVED; NO_VERIFIED_TRANSLATION,"Access and provenance unverified; underlying is official yearbook"
RET-0035,FS-004,FQ-D11-001,ENV-001-SURFACE-CLOUD-01,D11,Persian,8,"تولد دوباره خشت‌ها",NOT_APPLICABLE,NOT_CAPTURED,NOT_CAPTURED,NEWS_AGENCY_ARTICLE,jamejamonline.ir,https://jamejamonline.ir/fa/news/1568122/,jamejamonline.ir,UNRESOLVED,NOT_CAPTURED,PARTIAL (title|url|host),NO,NOT_VERIFIED,RET-0008,D,DUPLICATE,"Exact-URL repeat of RET-0008 across a different formal search",NO,NO,NONE,ORIGINAL_PERSIAN_PRESERVED; NO_VERIFIED_TRANSLATION,"Cross-query duplicate"
RET-0036,FS-004,FQ-D11-001,ENV-001-SURFACE-CLOUD-01,D11,Persian,9,"آمارهای گردشگری",NOT_APPLICABLE,وزارت میراث فرهنگی، گردشگری و صنایع دستی,NOT_CAPTURED,GOVERNMENT_STATISTICS_PAGE,mcth.ir,https://www.mcth.ir/گردشگری/آمارهای-گردشگری,mcth.ir,IRAN_NATIONAL,NOT_CAPTURED,PARTIAL (title|url|host),NO,NOT_VERIFIED,NONE,A,POTENTIALLY_ELIGIBLE,"Ministry tourism-statistics section; direct 0D data-source candidate",NO,NO,0D,ORIGINAL_PERSIAN_PRESERVED; NO_VERIFIED_TRANSLATION,"Decoded-Persian URL as returned; national scope; not Kelardasht-disaggregated by title"
