query_id,research_domain,research_question,language,environment_id,query_type,concept_family,exact_query_or_template,search_field,filters,date_logic,geographic_logic,version,environment_status,query_status,execution_authorized,calibration_basis,notes,execution_priority,priority_basis
FQ-D1-001,D1,Q1;Q8;Q9,Persian,ENV-001,EXACT_FORMAL_SEARCH,Archaeology,"کلاردشت باستان‌شناسی ""محوطه باستانی""",Web index,none,No date filter; older archaeological material remains eligible,Kelardasht only; wider context requires explicit linkage,1.0,VERIFIED,FROZEN_EXECUTABLE,NO,CAL-001;CAL-020;CAL-021,Locates archaeological records; preferred pathway is scholarly or authoritative heritage documentation,P1 — CORE,Central Gate 0 feasibility pathway; execute first if the query becomes authorized and executable
FQ-D1-002,D1,Q1;Q8;Q9,Persian,ENV-001,EXACT_FORMAL_SEARCH,Cultural heritage,"کلاردشت ""میراث فرهنگی"" ""آثار تاریخی""",Web index,none,No date filter; screen source version and claim type,Kelardasht only,1.0,VERIFIED,FROZEN_EXECUTABLE,NO,CAL-001;CAL-020;CAL-021,Separates heritage discovery from proof of significance or condition,P1 — CORE,Central Gate 0 feasibility pathway; execute first if the query becomes authorized and executable
FQ-D1-003,D1,Q1;Q4,English,ENV-001,EXACT_FORMAL_SEARCH,Core romanisation archaeology,"Kelardasht archaeology ""archaeological heritage""",Web index,none,No date filter; foundational and current records eligible,Kelardasht exact place form,1.0,VERIFIED,FROZEN_EXECUTABLE,NO,CAL-005;CAL-025;CAL-026,International discovery using the primary core romanisation,P1 — CORE,Central Gate 0 feasibility pathway; execute first if the query becomes authorized and executable
FQ-D1-004,D1,Q1;Q4,English,ENV-001,EXACT_FORMAL_SEARCH,Core spaced romanisation archaeology,"""Kelar Dasht"" archaeology",Web index,none,No date filter,Kelar Dasht variant only; do not infer canonical naming,1.0,VERIFIED,FROZEN_EXECUTABLE,NO,CAL-025;CAL-026,Recovers records indexed under the productive spaced form,P1 — CORE,Central Gate 0 feasibility pathway; execute first if the query becomes authorized and executable
FQ-D1-005,D1,Q1;Q4,Persian,ENV-006,CONCEPTUAL_TEMPLATE,Persian academic archaeology,[کلاردشت] AND [باستان‌شناسی OR محوطه باستانی OR میراث فرهنگی],Native title abstract keyword fields where supported,PENDING_NATIVE_VERIFICATION,No date filter,Kelardasht with explicit regional-context labelling,1.0,CONDITIONAL_UNVERIFIED,TEMPLATE_PENDING_ENVIRONMENT_VERIFICATION,NO,CAL-004;CAL-020;CAL-021,Exact SID syntax must be verified before freeze,P1 — CORE,Central Gate 0 feasibility pathway; execute first if the query becomes authorized and executable
FQ-D1-006,D1,Q1;Q4,English,ENV-010,CONCEPTUAL_TEMPLATE,International archaeology variants,[CORE Kelardasht variant] AND [archaeology OR archaeological heritage]; secondary site-name variants only if a logged coverage need arises,Native fields pending verification,PENDING_NATIVE_VERIFICATION,No date filter,Kelardasht; secondary site names remain separately labelled,1.0,CONDITIONAL_UNVERIFIED,TEMPLATE_PENDING_ENVIRONMENT_VERIFICATION,NO,CAL-005;CAL-025;CAL-026,Prevents automatic expansion to every observed romanisation,P3 — CONTINGENT,Use only for a documented evidence gap contradiction specialist dependency or unresolved Gate decision
FQ-D1-007,D1,Q1;Q8;Q9,Persian,ENV-001,EXACT_FORMAL_SEARCH,Archaeology ordinary-space variant,"کلاردشت ""باستان شناسی"" ""محوطه باستانی""",Web index,none,No date filter; older archaeological material remains eligible,Kelardasht only; wider context requires explicit linkage,1.0,VERIFIED,FROZEN_EXECUTABLE,NO,CAL-001;CAL-020;CAL-021,Separate ordinary-space query retained because Stage B showed spacing-sensitive retrieval,P1 — CORE,Central Gate 0 feasibility pathway; execute first if the query becomes authorized and executable
FQ-D2-001,D2,Q2;Q8;Q9,Persian,ENV-001,EXACT_FORMAL_SEARCH,Heritage institutions and museums,کلاردشت موزه موزه باستان‌شناسی میراث فرهنگی,Web index,none,Prioritize current pages but retain dated institutional provenance,Kelardasht only,1.0,VERIFIED,FROZEN_EXECUTABLE,NO,CAL-002;CAL-018;CAL-019,Discovers institutions without assuming operation or effectiveness,P1 — CORE,Central Gate 0 feasibility pathway; execute first if the query becomes authorized and executable
FQ-D2-002,D2,Q2;Q8;Q9,Persian,ENV-001,EXACT_FORMAL_SEARCH,Workshop museum half-space variant,"کلاردشت ""کارگاه‌موزه""",Web index,none,Prioritize current status; retain earlier announcements as status history,Kelardasht only,1.0,VERIFIED,FROZEN_EXECUTABLE,NO,CAL-018;CAL-019,Half-space form retained separately because retrieval differed,P1 — CORE,Central Gate 0 feasibility pathway; execute first if the query becomes authorized and executable
FQ-D2-003,D2,Q2,Persian,ENV-002,CONCEPTUAL_TEMPLATE,Official institution status,[کلاردشت] AND [موزه OR کارگاه‌موزه OR کاخ‌موزه OR پایگاه میراث فرهنگی] AND [neutral status term],Native site search fields pending verification,PENDING_NATIVE_VERIFICATION,Current-status evidence prioritized,Kelardasht and responsible Iranian institution,1.0,CONDITIONAL_UNVERIFIED,TEMPLATE_PENDING_ENVIRONMENT_VERIFICATION,NO,CAL-002;CAL-018;CAL-019,Neutral terms must distinguish institution existence from operation,P1 — CORE,Central Gate 0 feasibility pathway; execute first if the query becomes authorized and executable
FQ-D2-004,D2,Q2;Q8;Q9,Persian,ENV-001,EXACT_FORMAL_SEARCH,Workshop museum ordinary-space variant,"کلاردشت ""کارگاه موزه""",Web index,none,Prioritize current status; retain earlier announcements as status history,Kelardasht only,1.0,VERIFIED,FROZEN_EXECUTABLE,NO,CAL-018;CAL-019,Ordinary-space form retained separately because retrieval differed,P1 — CORE,Central Gate 0 feasibility pathway; execute first if the query becomes authorized and executable
FQ-D3-001,D3,Q2;Q10,Persian,ENV-001,EXACT_FORMAL_SEARCH,Plans programmes and projects,کلاردشت میراث فرهنگی گردشگری طرح برنامه پروژه,Web index,none,Prioritize current instruments and preserve historical versions,Kelardasht; provincial or national items need explicit linkage,1.0,VERIFIED,FROZEN_EXECUTABLE,NO,CAL-003,Discovers action categories without assuming adoption or implementation,P1 — CORE,Central Gate 0 feasibility pathway; execute first if the query becomes authorized and executable
FQ-D3-002,D3,Q2;Q10,Persian,ENV-001,EXACT_FORMAL_SEARCH,Funding and implementation,کلاردشت میراث فرهنگی بودجه اعتبار قرارداد اجرا بهره‌برداری,Web index,none,Current and recent implementation-status material,Kelardasht with explicit responsible authority,1.0,VERIFIED,FROZEN_EXECUTABLE,NO,CAL-003,Designed to distinguish funding execution and operation from announcement,P1 — CORE,Central Gate 0 feasibility pathway; execute first if the query becomes authorized and executable
FQ-D3-003,D3,Q2;Q10,Persian,ENV-002,CONCEPTUAL_TEMPLATE,Official initiative maturity,[کلاردشت] AND [میراث فرهنگی OR گردشگری] AND [اعلام OR اظهارات OR طرح OR برنامه OR بودجه OR قرارداد OR اجرا OR بهره‌برداری],Native site search fields pending verification,PENDING_NATIVE_VERIFICATION,Use current version plus dated status history,Kelardasht; contextual authority level recorded,1.0,CONDITIONAL_UNVERIFIED,TEMPLATE_PENDING_ENVIRONMENT_VERIFICATION,NO,CAL-003,No term alone establishes a higher initiative status,P1 — CORE,Central Gate 0 feasibility pathway; execute first if the query becomes authorized and executable
FQ-D4-001,D4,Q1;Q4;Q5,English,ENV-001,EXACT_FORMAL_SEARCH,Western Mazandaran scholarship,"""Western Mazandaran"" heritage archaeology Kelardasht",Web index,none,No blanket date filter,Regional results cannot be attributed to Kelardasht without explicit linkage,1.0,VERIFIED,FROZEN_EXECUTABLE,NO,CAL-006,Locates regional academic context while preserving non-generalisation,P1 — CORE,Central Gate 0 feasibility pathway; execute first if the query becomes authorized and executable
FQ-D4-002,D4,Q1;Q4;Q5,Persian,ENV-006,CONCEPTUAL_TEMPLATE,Persian local scholarship,[کلاردشت OR غرب مازندران] AND [باستان‌شناسی OR میراث فرهنگی],Native title abstract keyword fields where supported,PENDING_NATIVE_VERIFICATION,No blanket date filter,Label Kelardasht and Western Mazandaran records separately,1.0,CONDITIONAL_UNVERIFIED,TEMPLATE_PENDING_ENVIRONMENT_VERIFICATION,NO,CAL-004,Native SID coverage and syntax remain unverified,P1 — CORE,Central Gate 0 feasibility pathway; execute first if the query becomes authorized and executable
FQ-D4-003,D4,Q1;Q4;Q5,English,ENV-010,CONCEPTUAL_TEMPLATE,International local scholarship,[Kelardasht core variant OR Western Mazandaran] AND [archaeology OR cultural heritage],Native fields pending verification,PENDING_NATIVE_VERIFICATION,No blanket date filter,No regional-to-local generalisation,1.0,CONDITIONAL_UNVERIFIED,TEMPLATE_PENDING_ENVIRONMENT_VERIFICATION,NO,CAL-005;CAL-006,Exact Scholar syntax and reproducibility remain pending,P1 — CORE,Central Gate 0 feasibility pathway; execute first if the query becomes authorized and executable
FQ-D5-001,D5,Q4;Q5;Q7,Persian,ENV-001,EXACT_FORMAL_SEARCH,Cultural tourism planning,گردشگری فرهنگی برنامه‌ریزی گردشگری میراث فرهنگی,Web index,none,Foundational and current planning material eligible,Iranian context only when explicitly present; otherwise conceptual,1.0,VERIFIED,FROZEN_EXECUTABLE,NO,CAL-022;CAL-023;CAL-024,Uses the most productive Persian heritage-oriented tourism phrase without treating it as proof of local relevance,P2 — CONDITIONAL SUPPORT,Use only when P1 retrieval identifies a decision-relevant need for supporting governance community environmental visitor-management or Spanish-mechanism detail
FQ-D5-002,D5,Q4;Q5;Q7,English,ENV-001,EXACT_FORMAL_SEARCH,Heritage tourism planning,"""heritage tourism"" planning governance",Web index,none,Foundational and current literature eligible,International conceptual search; no local inference,1.0,VERIFIED,FROZEN_EXECUTABLE,NO,CAL-007,Broad planning family kept separate from archaeotourism,P1 — CORE,Central Gate 0 feasibility pathway; execute first if the query becomes authorized and executable
FQ-D5-003,D5,Q4;Q5;Q7,English,ENV-001,EXACT_FORMAL_SEARCH,Archaeotourism planning,archaeotourism planning management,Web index,none,Foundational and current literature eligible,International conceptual search; no local inference,1.0,VERIFIED,FROZEN_EXECUTABLE,NO,CAL-007,Specific archaeological-tourism family; not a substitute for heritage tourism,P1 — CORE,Central Gate 0 feasibility pathway; execute first if the query becomes authorized and executable
FQ-D5-004,D5,Q4;Q5;Q7,Spanish,ENV-001,EXACT_FORMAL_SEARCH,Spanish cultural and archaeological tourism planning,"""turismo arqueológico"" ""planificación turística"" ""patrimonio cultural"" España",Web index,none,Current frameworks plus relevant historical evolution,Spain constraint required,1.0,VERIFIED,FROZEN_EXECUTABLE,NO,CAL-012,Locates Spanish planning vocabulary without identifying a candidate winner,P2 — CONDITIONAL SUPPORT,Use only when P1 retrieval identifies a decision-relevant need for supporting governance community environmental visitor-management or Spanish-mechanism detail
FQ-D5-005,D5,Q4;Q5;Q7,English,ENV-010,CONCEPTUAL_TEMPLATE,Academic heritage tourism planning,[heritage tourism OR cultural heritage tourism OR archaeotourism] AND [planning OR governance OR management],Native fields pending verification,PENDING_NATIVE_VERIFICATION,Foundational theory plus recent applications,International conceptual scope,1.0,CONDITIONAL_UNVERIFIED,TEMPLATE_PENDING_ENVIRONMENT_VERIFICATION,NO,CAL-007,Exact Scholar Boolean and field behaviour require verification,P1 — CORE,Central Gate 0 feasibility pathway; execute first if the query becomes authorized and executable
FQ-D6-001,D6,Q4;Q7;Q8;Q9,English,ENV-001,EXACT_FORMAL_SEARCH,Conservation planning and management capacity,"""heritage conservation"" ""management capacity"" planning",Web index,none,Foundational and current material eligible,International conceptual scope,1.0,VERIFIED,FROZEN_EXECUTABLE,NO,CAL-008;CALIBRATION_REPORT_SECTION_5,Contributes to the analytical conservation-readiness construct without equating terms,P2 — CONDITIONAL SUPPORT,Use only when P1 retrieval identifies a decision-relevant need for supporting governance community environmental visitor-management or Spanish-mechanism detail
FQ-D6-002,D6,Q4;Q7;Q8;Q9,English,ENV-001,EXACT_FORMAL_SEARCH,Governance and institutional capacity,"""heritage governance"" ""institutional capacity"" conservation",Web index,none,Foundational and current material eligible,International conceptual scope,1.0,VERIFIED,FROZEN_EXECUTABLE,NO,CAL-008;CALIBRATION_REPORT_SECTION_5,Capacity and governance remain distinct analytical families,P2 — CONDITIONAL SUPPORT,Use only when P1 retrieval identifies a decision-relevant need for supporting governance community environmental visitor-management or Spanish-mechanism detail
FQ-D6-003,D6,Q4;Q6;Q7,Spanish,ENV-001,EXACT_FORMAL_SEARCH,Spanish heritage governance,"""gobernanza del patrimonio cultural"" ""coordinación interadministrativa"" España",Web index,none,Current instruments plus relevant evolution,Spain constraint required,1.0,VERIFIED,FROZEN_EXECUTABLE,NO,CAL-013,Distinguishes cultural-heritage governance from generic asset management,P2 — CONDITIONAL SUPPORT,Use only when P1 retrieval identifies a decision-relevant need for supporting governance community environmental visitor-management or Spanish-mechanism detail
FQ-D6-004,D6,Q4;Q6;Q7,Spanish,ENV-001,EXACT_FORMAL_SEARCH,Preventive conservation and plans,"""conservación preventiva"" ""patrimonio cultural"" ""plan director"" España",Web index,none,Current instruments plus relevant evolution,Spain constraint required,1.0,VERIFIED,FROZEN_EXECUTABLE,NO,CAL-013,Locates conservation instruments without assuming governance capacity,P2 — CONDITIONAL SUPPORT,Use only when P1 retrieval identifies a decision-relevant need for supporting governance community environmental visitor-management or Spanish-mechanism detail
FQ-D6-005,D6,Q4;Q7;Q8;Q9,English,ENV-005,CONCEPTUAL_TEMPLATE,Institutional conservation capacity,[heritage conservation OR preventive conservation OR conservation governance] AND [management capacity OR institutional capacity],Native institutional fields pending verification,PENDING_NATIVE_VERIFICATION,Use current guidance and relevant foundational standards,International institutional scope; source mandate recorded,1.0,CONDITIONAL_UNVERIFIED,TEMPLATE_PENDING_ENVIRONMENT_VERIFICATION,NO,CAL-008;CALIBRATION_REPORT_SECTION_5,Select an institution first and verify its interface,P2 — CONDITIONAL SUPPORT,Use only when P1 retrieval identifies a decision-relevant need for supporting governance community environmental visitor-management or Spanish-mechanism detail
FQ-D6-006,D6,Q4,English,ENV-001,REJECTED_CANDIDATE,Literal project construct,conservation readiness,Web index,none,Not applicable,International conceptual scope,1.0,VERIFIED,EXCLUDED,NO,CAL-008;D-0019,Rejected as a primary retrieval query; retained only as project analytical language,NA,Excluded query candidate; no execution priority
FQ-D7-001,D7,Q4;Q7;Q8;Q9,Persian,ENV-001,EXACT_FORMAL_SEARCH,Participation and local benefit,مشارکت جامعه محلی توانمندسازی ذی‌نفعان محلی توزیع عادلانه منافع,Web index,none,Prioritize current empirical material while retaining relevant methods,Iranian context; Kelardasht evidence requires explicit linkage,1.0,VERIFIED,FROZEN_EXECUTABLE,NO,CAL-027,Separates participation authority empowerment and benefit distribution during screening,P2 — CONDITIONAL SUPPORT,Use only when P1 retrieval identifies a decision-relevant need for supporting governance community environmental visitor-management or Spanish-mechanism detail
FQ-D7-002,D7,Q4;Q7;Q8;Q9,English,ENV-001,EXACT_FORMAL_SEARCH,Community authority and benefit,"""community participation"" ""decision authority"" ""benefit sharing"" ""heritage tourism""",Web index,none,Foundational and current empirical literature eligible,International conceptual scope; no local inference,1.0,VERIFIED,FROZEN_EXECUTABLE,NO,CAL-009,Community support or opposition cannot be inferred from retrieval,P2 — CONDITIONAL SUPPORT,Use only when P1 retrieval identifies a decision-relevant need for supporting governance community environmental visitor-management or Spanish-mechanism detail
FQ-D7-003,D7,Q4;Q6;Q7,Spanish,ENV-001,EXACT_FORMAL_SEARCH,Spanish participation and benefit,"""participación comunitaria"" ""beneficio local"" patrimonio turismo España",Web index,none,Current empirical and institutional material,Spain constraint required to reduce Latin American spillover,1.0,VERIFIED,FROZEN_EXECUTABLE,NO,CAL-014,Participation and benefit remain separate screening dimensions,P2 — CONDITIONAL SUPPORT,Use only when P1 retrieval identifies a decision-relevant need for supporting governance community environmental visitor-management or Spanish-mechanism detail
FQ-D7-004,D7,Q4;Q7;Q8;Q9,English,ENV-010,CONCEPTUAL_TEMPLATE,Empirical community safeguards,[community participation OR local authority OR benefit sharing OR social safeguards] AND [heritage OR tourism],Native fields pending verification,PENDING_NATIVE_VERIFICATION,Foundational and current empirical literature,International conceptual scope,1.0,CONDITIONAL_UNVERIFIED,TEMPLATE_PENDING_ENVIRONMENT_VERIFICATION,NO,CAL-009,Eligibility requires empirical or methodologically documented evidence,P2 — CONDITIONAL SUPPORT,Use only when P1 retrieval identifies a decision-relevant need for supporting governance community environmental visitor-management or Spanish-mechanism detail
FQ-D8-001,D8,Q4;Q7;Q8;Q9,English,ENV-001,EXACT_FORMAL_SEARCH,Limits of Acceptable Change,"""limits of acceptable change"" ""visitor management"" heritage",Web index,none,Foundational framework plus current applications,International conceptual scope,1.0,VERIFIED,FROZEN_EXECUTABLE,NO,CAL-010,LAC is not treated as synonymous with carrying capacity,P2 — CONDITIONAL SUPPORT,Use only when P1 retrieval identifies a decision-relevant need for supporting governance community environmental visitor-management or Spanish-mechanism detail
FQ-D8-002,D8,Q4;Q7;Q8;Q9,English,ENV-001,EXACT_FORMAL_SEARCH,Visitor Use Management,"""visitor use management"" heritage ""protected area""",Web index,none,Framework guidance plus applications,International conceptual scope,1.0,VERIFIED,FROZEN_EXECUTABLE,NO,CAL-010,VUM remains a distinct framework,P2 — CONDITIONAL SUPPORT,Use only when P1 retrieval identifies a decision-relevant need for supporting governance community environmental visitor-management or Spanish-mechanism detail
FQ-D8-003,D8,Q4;Q7;Q8;Q9,English,ENV-001,EXACT_FORMAL_SEARCH,Visitor Experience and Resource Protection,"""visitor experience and resource protection"" heritage ""visitor management""",Web index,none,Framework guidance plus applications,International conceptual scope,1.0,VERIFIED,FROZEN_EXECUTABLE,NO,CAL-010,VERP remains distinct from LAC VUM and single-number capacity models,P2 — CONDITIONAL SUPPORT,Use only when P1 retrieval identifies a decision-relevant need for supporting governance community environmental visitor-management or Spanish-mechanism detail
FQ-D8-004,D8,Q4;Q6;Q7,Spanish,ENV-001,EXACT_FORMAL_SEARCH,Carrying capacity,"""capacidad de carga turística"" patrimonio España",Web index,none,Current applications plus relevant methodological history,Spain constraint required,1.0,VERIFIED,FROZEN_EXECUTABLE,NO,CAL-015,Capacidad de carga remains distinct from reception capacity and broader visitor-management frameworks,P2 — CONDITIONAL SUPPORT,Use only when P1 retrieval identifies a decision-relevant need for supporting governance community environmental visitor-management or Spanish-mechanism detail
FQ-D8-005,D8,Q4;Q6;Q7,Spanish,ENV-001,EXACT_FORMAL_SEARCH,Visitor flows and public use,"""gestión de visitantes"" ""uso público"" ""presión turística"" patrimonio España",Web index,none,Current plans and empirical material,Spain constraint required,1.0,VERIFIED,FROZEN_EXECUTABLE,NO,CAL-015,Separates visitor operations public use and pressure diagnoses,P2 — CONDITIONAL SUPPORT,Use only when P1 retrieval identifies a decision-relevant need for supporting governance community environmental visitor-management or Spanish-mechanism detail
FQ-D8-006,D8,Q4;Q7;Q8;Q9,English,ENV-005,CONCEPTUAL_TEMPLATE,Institutional visitor frameworks,[LAC OR VUM OR VERP OR visitor impact management] AND [heritage OR protected area],Native institutional fields pending verification,PENDING_NATIVE_VERIFICATION,Foundational framework versions plus current guidance,International institutional scope,1.0,CONDITIONAL_UNVERIFIED,TEMPLATE_PENDING_ENVIRONMENT_VERIFICATION,NO,CAL-010,Select and verify the relevant institution before exact syntax freeze,P2 — CONDITIONAL SUPPORT,Use only when P1 retrieval identifies a decision-relevant need for supporting governance community environmental visitor-management or Spanish-mechanism detail
FQ-D8-007,D8,Q4;Q6;Q7,Spanish,ENV-001,EXACT_FORMAL_SEARCH,Reception capacity,"""capacidad de acogida turística"" patrimonio España",Web index,none,Current applications plus relevant methodological history,Spain constraint required,1.0,VERIFIED,FROZEN_EXECUTABLE,NO,CAL-015,Capacidad de acogida remains distinct from carrying capacity and broader visitor-management frameworks,P2 — CONDITIONAL SUPPORT,Use only when P1 retrieval identifies a decision-relevant need for supporting governance community environmental visitor-management or Spanish-mechanism detail
FQ-D9-001,D9,Q4;Q5;Q7;Q10,English,ENV-001,EXACT_FORMAL_SEARCH,Policy transfer,"""policy transfer"" heritage planning",Web index,none,Foundational theory plus recent applications,International conceptual scope,1.0,VERIFIED,FROZEN_EXECUTABLE,NO,CAL-011,Policy transfer remains a distinct conceptual family,P1 — CORE,Central Gate 0 feasibility pathway; execute first if the query becomes authorized and executable
FQ-D9-002,D9,Q4;Q5;Q7;Q10,English,ENV-001,EXACT_FORMAL_SEARCH,Lesson drawing,"""lesson drawing"" heritage planning",Web index,none,Foundational theory plus recent applications,International conceptual scope,1.0,VERIFIED,FROZEN_EXECUTABLE,NO,CAL-011,Lesson drawing remains a distinct conceptual family,P1 — CORE,Central Gate 0 feasibility pathway; execute first if the query becomes authorized and executable
FQ-D9-003,D9,Q4;Q5;Q7;Q10,English,ENV-001,EXACT_FORMAL_SEARCH,Policy learning,"""policy learning"" ""heritage governance""",Web index,none,Foundational theory plus recent applications,International conceptual scope,1.0,VERIFIED,FROZEN_EXECUTABLE,NO,CAL-011,Policy learning remains a distinct conceptual family,P1 — CORE,Central Gate 0 feasibility pathway; execute first if the query becomes authorized and executable
FQ-D9-004,D9,Q4;Q5;Q7;Q10,English,ENV-001,EXACT_FORMAL_SEARCH,Policy mobility,"""policy mobility"" ""tourism planning"" governance",Web index,none,Foundational theory plus recent applications,International conceptual scope,1.0,VERIFIED,FROZEN_EXECUTABLE,NO,CAL-011,Policy mobility is not treated as a synonym for transfer,P1 — CORE,Central Gate 0 feasibility pathway; execute first if the query becomes authorized and executable
FQ-D9-005,D9,Q4;Q5;Q7;Q10,English,ENV-001,EXACT_FORMAL_SEARCH,Institutional transfer,"""institutional transfer"" ""heritage governance""",Web index,none,Foundational theory plus recent applications,International conceptual scope,1.0,VERIFIED,FROZEN_EXECUTABLE,NO,D-0019,Institutional transfer remains distinct from policy transfer and transplantation,P2 — CONDITIONAL SUPPORT,Use only when P1 retrieval identifies a decision-relevant need for supporting governance community environmental visitor-management or Spanish-mechanism detail
FQ-D9-006,D9,Q4;Q5;Q7;Q10,English,ENV-001,EXACT_FORMAL_SEARCH,Policy adaptation,"""policy adaptation"" heritage planning",Web index,none,Foundational theory plus recent applications,International conceptual scope,1.0,VERIFIED,FROZEN_EXECUTABLE,NO,D-0019,Policy adaptation does not establish transferability,P2 — CONDITIONAL SUPPORT,Use only when P1 retrieval identifies a decision-relevant need for supporting governance community environmental visitor-management or Spanish-mechanism detail
FQ-D9-007,D9,Q4;Q5;Q7;Q10,English,ENV-001,EXACT_FORMAL_SEARCH,Contextual adaptation,"""contextual adaptation"" ""heritage governance""",Web index,none,Foundational theory plus recent applications,International conceptual scope,1.0,VERIFIED,FROZEN_EXECUTABLE,NO,CAL-011;D-0019,Contextual adaptation remains distinct from lesson drawing and policy learning,P2 — CONDITIONAL SUPPORT,Use only when P1 retrieval identifies a decision-relevant need for supporting governance community environmental visitor-management or Spanish-mechanism detail
FQ-D9-008,D9,Q4;Q5;Q7;Q10,English,ENV-010,CONCEPTUAL_TEMPLATE,Academic policy movement families,[policy transfer OR lesson drawing OR policy learning OR policy mobility] AND [heritage OR tourism planning],Native fields pending verification,PENDING_NATIVE_VERIFICATION,Foundational works plus recent applications,International conceptual scope,1.0,CONDITIONAL_UNVERIFIED,TEMPLATE_PENDING_ENVIRONMENT_VERIFICATION,NO,CAL-011,Exact Scholar syntax and coverage require verification,P1 — CORE,Central Gate 0 feasibility pathway; execute first if the query becomes authorized and executable
FQ-D9-009,D9,Q4;Q5;Q7;Q10,English,ENV-011,CONCEPTUAL_TEMPLATE,DOI metadata for transfer theory,[policy transfer OR lesson drawing OR policy mobility OR contextual adaptation] AND [heritage governance OR tourism planning],Native metadata fields pending verification,PENDING_NATIVE_VERIFICATION,Foundational works plus recent applications,International conceptual scope,1.0,CONDITIONAL_UNVERIFIED,TEMPLATE_PENDING_ENVIRONMENT_VERIFICATION,NO,CAL-011,Exact Crossref fields endpoint and pagination require verification,P1 — CORE,Central Gate 0 feasibility pathway; execute first if the query becomes authorized and executable
FQ-D9-010,D9,Q4,English,ENV-001,REJECTED_CANDIDATE,Literal project framing,adaptive transfer,Web index,none,Not applicable,International conceptual scope,1.0,VERIFIED,EXCLUDED,NO,CAL-011;D-0019,Rejected as a primary indexing phrase; retained only as project analytical framing,NA,Excluded query candidate; no execution priority
FQ-D10-001,D10,Q6;Q7,Spanish,ENV-001,EXACT_FORMAL_SEARCH,Rural mountain heritage contexts,"""patrimonio arqueológico"" ""turismo rural"" ""territorio de montaña"" planificación España",Web index,none,Current plans plus relevant historical evolution,Spain-wide candidate discovery; no screening or ranking,1.0,VERIFIED,FROZEN_EXECUTABLE,NO,CAL-016,Discovers candidate contexts without creating a shortlist,P2 — CONDITIONAL SUPPORT,Use only when P1 retrieval identifies a decision-relevant need for supporting governance community environmental visitor-management or Spanish-mechanism detail
FQ-D10-002,D10,Q6;Q7,Spanish,ENV-001,EXACT_FORMAL_SEARCH,Protected landscape public use,"""paisaje protegido"" ""patrimonio cultural"" ""uso público"" ""gestión de visitantes"" España",Web index,none,Current plans plus relevant historical evolution,Spain-wide candidate discovery; no screening or ranking,1.0,VERIFIED,FROZEN_EXECUTABLE,NO,CAL-016,Discovers planning mechanisms rather than prestigious destinations,P2 — CONDITIONAL SUPPORT,Use only when P1 retrieval identifies a decision-relevant need for supporting governance community environmental visitor-management or Spanish-mechanism detail
FQ-D10-003,D10,Q6;Q7,Spanish,ENV-003,CONCEPTUAL_TEMPLATE,Official Spanish case discovery,[patrimonio arqueológico OR paisaje cultural] AND [plan director OR planificación territorial OR uso público],Native portal fields pending verification,PENDING_NATIVE_VERIFICATION,Current instruments plus relevant evolution,Spain; later records bounded to a case-level unit,1.0,CONDITIONAL_UNVERIFIED,TEMPLATE_PENDING_ENVIRONMENT_VERIFICATION,NO,CAL-016,Portal selection must precede exact syntax freeze,P2 — CONDITIONAL SUPPORT,Use only when P1 retrieval identifies a decision-relevant need for supporting governance community environmental visitor-management or Spanish-mechanism detail
FQ-D10-004,D10,Q6;Q7,Spanish,ENV-012,CONCEPTUAL_TEMPLATE,Spanish academic case discovery,[patrimonio arqueológico OR patrimonio cultural] AND [turismo rural OR paisaje protegido] AND [gobernanza OR planificación],Native title abstract keyword fields where supported,PENDING_NATIVE_VERIFICATION,Foundational and current case literature,Spain constraint required,1.0,CONDITIONAL_UNVERIFIED,TEMPLATE_PENDING_ENVIRONMENT_VERIFICATION,NO,CAL-016,Discovery is not screening comparability or selection,P2 — CONDITIONAL SUPPORT,Use only when P1 retrieval identifies a decision-relevant need for supporting governance community environmental visitor-management or Spanish-mechanism detail
FQ-D11-001,D11,Q3;Q8;Q9;Q10,Persian,ENV-001,EXACT_FORMAL_SEARCH,Iranian data and administrative terminology,کلاردشت سالنامه آماری داده مکانی مرز اداری گردشگری میراث فرهنگی,Web index,none,Prioritize current metadata and record dataset version,Kelardasht then documented county or provincial coverage,1.0,VERIFIED,FROZEN_EXECUTABLE,NO,CAL-028,Metadata discovery only; no dataset download or fitness conclusion,P1 — CORE,Central Gate 0 feasibility pathway; execute first if the query becomes authorized and executable
FQ-D11-002,D11,Q3;Q10,Spanish,ENV-001,EXACT_FORMAL_SEARCH,Spanish heritage open data,"site:datos.gob.es ""patrimonio arqueológico"" ""conjunto de datos""",Web index,site:datos.gob.es,Prioritize current metadata and preserve version/update fields,Spain; record catalogue coverage exactly,1.0,VERIFIED,FROZEN_EXECUTABLE,NO,CAL-017,General-web site query only; not a native datos.gob.es query,P1 — CORE,Central Gate 0 feasibility pathway; execute first if the query becomes authorized and executable
FQ-D11-003,D11,Q3;Q10,Spanish,ENV-001,EXACT_FORMAL_SEARCH,Spanish tourism and geospatial metadata,"site:datos.gob.es turismo ""cobertura geográfica"" licencia WMS WFS",Web index,site:datos.gob.es,Prioritize current metadata and preserve version/update fields,Spain; record geographic resolution exactly,1.0,VERIFIED,FROZEN_EXECUTABLE,NO,CAL-017,Metadata discovery only; no data access or analysis,P1 — CORE,Central Gate 0 feasibility pathway; execute first if the query becomes authorized and executable
FQ-D11-004,D11,Q3;Q10,Spanish,ENV-004,CONCEPTUAL_TEMPLATE,Native Spanish data catalogue,[patrimonio OR turismo OR límites administrativos] AND [dataset or catalogue fields for geography update licence and distribution],Native catalogue fields pending verification,PENDING_NATIVE_VERIFICATION,Current catalogue metadata with version history where exposed,Spain; exact geographic coverage recorded,1.0,CONDITIONAL_UNVERIFIED,TEMPLATE_PENDING_ENVIRONMENT_VERIFICATION,NO,CAL-017,Native filters fields and syntax must be verified before exact freeze,P1 — CORE,Central Gate 0 feasibility pathway; execute first if the query becomes authorized and executable
FQ-D11-005,D11,Q3;Q8;Q9;Q10,Persian,ENV-002,CONCEPTUAL_TEMPLATE,Iranian official data discovery,[کلاردشت] AND [سالنامه آماری OR داده مکانی OR مرز اداری OR آمار گردشگری OR فهرست میراث],Native site search fields pending verification,PENDING_NATIVE_VERIFICATION,Current metadata and authoritative historical versions,Kelardasht; broader coverage must be labelled,1.0,CONDITIONAL_UNVERIFIED,TEMPLATE_PENDING_ENVIRONMENT_VERIFICATION,NO,CAL-028,No catalogue presence-to-usability inference,P1 — CORE,Central Gate 0 feasibility pathway; execute first if the query becomes authorized and executable
FQ-D12-001,D12,Q8;Q9;Q10,English,ENV-005,CONCEPTUAL_TEMPLATE,Specialist review standards,[archaeological interpretation OR conservation assessment OR ecological assessment OR legal interpretation] AND [professional standard OR specialist review],Native institutional fields pending verification,PENDING_NATIVE_VERIFICATION,Current standards plus governing versions,International method scope; no local factual inference,1.0,CONDITIONAL_UNVERIFIED,TEMPLATE_PENDING_ENVIRONMENT_VERIFICATION,NO,CALIBRATION_REPORT_SECTION_4,D12 is cross-cutting and receives no independent general-web search unless a specific dependency requires it,P3 — CONTINGENT,Use only for a documented evidence gap contradiction specialist dependency or unresolved Gate decision
