environment_id,environment_name,environment_type,primary_languages,main_domains,access_basis,native_access_tested,query_syntax_tested,search_fields_understood,coverage_understood,status,exact_query_freeze_allowed,known_limitations,verification_required,notes,authorized_role,verification_scope,reproducibility_limit
ENV-001,Mainstream general-web search,GENERAL_WEB,Persian;English;Spanish,D1-D11,Public web access,YES,YES,Basic web index; quoted phrases; ordinary terms; site-domain constraint,Broad but opaque and non-exhaustive,VERIFIED,YES,Mixed source authority; ranking is not evidence ranking; normalization and result counts may be unstable; provider identity/version was not exposed during Stage B,Use the same accessible interface class; log the actual provider/surface if exposed plus filters sort and date,Use only for discovery and document location; assess the underlying source separately,BOUNDED DISCOVERY / SOURCE LOCATION,Stage B observed multilingual general-web retrieval using quoted phrases ordinary terms and site-domain constraints; this verifies locator use only,Provider/version identity is not exposed; ranking snippets displayed counts autogenerated summaries and result ordering are opaque unstable and non-reproducible
ENV-002,Iranian official and institutional websites,OFFICIAL_WEB,Persian,D1;D2;D3;D11,Public where available,PARTIAL,NO,PARTIAL,PARTIAL,CONDITIONAL_UNVERIFIED,NO,Fragmented sites; institutional ownership and native search behaviour were not systematically tested,Verify domain ownership access native search syntax fields and archive stability,General web may locate pages but does not verify each native interface,CONDITIONAL TEMPLATE ONLY — NO EXECUTION UNTIL VERIFIED,Institutional ownership and native search behaviour remain only partially understood,Fragmented interfaces and changing public access prevent reproducible native execution without verification
ENV-003,Spanish official heritage planning and tourism portals,OFFICIAL_WEB,Spanish,D5;D6;D7;D8;D10;D11,Public where available,PARTIAL,NO,PARTIAL,PARTIAL,CONDITIONAL_UNVERIFIED,NO,Many national regional provincial and local interfaces with different syntax and coverage,Verify each selected portal and its native search behaviour,Underlying official documents remain preferred over discovery ranking,CONDITIONAL TEMPLATE ONLY — NO EXECUTION UNTIL VERIFIED,No single Spanish official portal interface was verified during Stage B,Portal-specific syntax coverage and stability vary by jurisdiction
ENV-004,datos.gob.es native catalogue,OFFICIAL_DATA_CATALOGUE,Spanish,D11,Public web access,NO,NO,PARTIAL,PARTIAL,CONDITIONAL_UNVERIFIED,NO,Stage B tested only general-web indexing with a site constraint,Verify native catalogue fields filters result behaviour and licence metadata,General-web site queries are executable through ENV-001 only,CONDITIONAL TEMPLATE ONLY — NO EXECUTION UNTIL VERIFIED,Only general-web indexing with a site constraint was observed,Native catalogue fields filters coverage and result behaviour are unverified
ENV-005,International institutional websites,TECHNICAL_INSTITUTIONAL,English;Spanish,D5;D6;D7;D8;D9;D12,Public where available,PARTIAL,NO,PARTIAL,PARTIAL,CONDITIONAL_UNVERIFIED,NO,UNESCO ICOMOS ICCROM and UN Tourism have distinct collections and search behaviour,Select the necessary institution then verify its native interface and coverage,Institutional prestige does not establish method fit,CONDITIONAL TEMPLATE ONLY — NO EXECUTION UNTIL VERIFIED,Institution-specific native search behaviour was not verified,Collections interfaces and coverage differ among institutions
ENV-006,SID native search,PERSIAN_ACADEMIC_DATABASE,Persian,D1;D4;D5;D6;D7,Public or entitlement not established,NO,NO,UNKNOWN,UNKNOWN,CONDITIONAL_UNVERIFIED,NO,site:sid.ir general-web calibration was not a native test,Verify lawful access fields syntax normalization filters and coverage,No absence inference from inaccessible or empty native results,CONDITIONAL TEMPLATE ONLY — NO EXECUTION UNTIL VERIFIED,General-web site indexing did not verify SID native access or behaviour,Native fields syntax normalization filters coverage and stability are unknown
ENV-007,Magiran native search,PERSIAN_ACADEMIC_DATABASE,Persian,D1;D4;D5;D6;D7,Public or entitlement not established,NO,NO,UNKNOWN,UNKNOWN,CONDITIONAL_UNVERIFIED,NO,No Stage B native-interface test or coverage assessment,Verify lawful access fields syntax filters and relevant disciplinary coverage,Retained because Persian periodical coverage may differ from SID,CONDITIONAL TEMPLATE ONLY — NO EXECUTION UNTIL VERIFIED,No native Magiran access or search test occurred,Native fields syntax filters coverage and stability are unknown
ENV-008,Civilica native search,PERSIAN_ACADEMIC_DATABASE,Persian,D4;D5;D6;D7;D8,Public or entitlement not established,NO,NO,UNKNOWN,UNKNOWN,CONDITIONAL_UNVERIFIED,NO,No Stage B native-interface test; venue quality varies,Verify lawful access fields syntax coverage and record-level provenance,Any later record receives ordinary quality screening,CONDITIONAL TEMPLATE ONLY — NO EXECUTION UNTIL VERIFIED,No native Civilica access or search test occurred,Native fields syntax coverage record quality and stability are unknown
ENV-009,Noormags native search,PERSIAN_ACADEMIC_DATABASE,Persian,D4;D5;D6;D7,Public or entitlement not established,NO,NO,UNKNOWN,UNKNOWN,CONDITIONAL_UNVERIFIED,NO,No Stage B native-interface test or relevant-coverage assessment,Verify lawful access fields syntax filters and disciplinary coverage,Retained for possible humanities and social-science coverage,CONDITIONAL TEMPLATE ONLY — NO EXECUTION UNTIL VERIFIED,No native Noormags access or search test occurred,Native fields syntax filters coverage and stability are unknown
ENV-010,Google Scholar,ACADEMIC_DISCOVERY,English;Persian;Spanish,D1;D4-D10,Public interface subject to platform controls,NO,NO,UNKNOWN,UNKNOWN,CONDITIONAL_UNVERIFIED,NO,Native ranking coverage result caps and reproducibility were not tested,Verify access permissible syntax filters language behaviour and logging method,Do not claim systematic coverage,CONDITIONAL TEMPLATE ONLY — NO EXECUTION UNTIL VERIFIED,No Google Scholar native-interface test occurred,Ranking coverage result caps syntax and reproducibility are unknown
ENV-011,Crossref,DOI_METADATA,English;Spanish,D4-D9,Public API or interface subject to terms,NO,NO,UNKNOWN,UNKNOWN,CONDITIONAL_UNVERIFIED,NO,Native field syntax and relevant coverage were not tested,Verify lawful access endpoint fields filters pagination and reproducibility,Metadata discovery does not establish eligibility or full-text access,CONDITIONAL TEMPLATE ONLY — NO EXECUTION UNTIL VERIFIED,No Crossref endpoint field pagination or query test occurred,Field coverage endpoint behaviour and reproducibility are unknown
ENV-012,Dialnet,SPANISH_ACADEMIC_DATABASE,Spanish,D5-D10,Public or entitlement not established,NO,NO,UNKNOWN,UNKNOWN,CONDITIONAL_UNVERIFIED,NO,Native interface syntax coverage and stability were not tested,Verify lawful access fields filters and relevant disciplinary coverage,Spanish-language scope still requires Spain-specific geographic control where relevant,CONDITIONAL TEMPLATE ONLY — NO EXECUTION UNTIL VERIFIED,No Dialnet native-interface test occurred,Native syntax fields coverage and stability are unknown
ENV-013,Iranian university and institutional repositories,INSTITUTIONAL_REPOSITORIES,Persian;English,D1;D4;D11,Public where available,PARTIAL,NO,PARTIAL,UNKNOWN,CONDITIONAL_UNVERIFIED,NO,Heterogeneous repositories with no single syntax or coverage model,Register and verify each selected repository separately before use,General-web discovery can locate repository records through ENV-001,CONDITIONAL TEMPLATE ONLY — REGISTER EACH REPOSITORY BEFORE USE,No single Iranian repository interface was verified,Repository syntax coverage metadata and stability are heterogeneous
ENV-014,Spanish university and institutional repositories,INSTITUTIONAL_REPOSITORIES,Spanish;English,D5-D10,Public where available,PARTIAL,NO,PARTIAL,UNKNOWN,CONDITIONAL_UNVERIFIED,NO,Heterogeneous repositories with no single syntax or coverage model,Register and verify each selected repository separately before use,No repository is presumed comprehensive,CONDITIONAL TEMPLATE ONLY — REGISTER EACH REPOSITORY BEFORE USE,No single Spanish repository interface was verified,Repository syntax coverage metadata and stability are heterogeneous
ENV-015,Scopus,SUBSCRIPTION_ACADEMIC_INDEX,English;Spanish,D4-D9,No legitimate access established,NO,NO,UNKNOWN,UNKNOWN,EXCLUDED,NO,Subscription access and usable search behaviour were not established,None for current plan; re-entry requires owner-approved change and legitimate access,Excluded from the current Gate 0 plan rather than retained speculatively,EXCLUDED FROM CURRENT GATE 0 PLAN,No legitimate access or usable search behaviour was established,Subscription access and coverage cannot be assumed
ENV-016,Web of Science,SUBSCRIPTION_ACADEMIC_INDEX,English;Spanish,D4-D9,No legitimate access established,NO,NO,UNKNOWN,UNKNOWN,EXCLUDED,NO,Subscription access and usable search behaviour were not established,None for current plan; re-entry requires owner-approved change and legitimate access,Excluded from the current Gate 0 plan rather than retained speculatively,EXCLUDED FROM CURRENT GATE 0 PLAN,No legitimate access or usable search behaviour was established,Subscription access and coverage cannot be assumed
