search_id,execution_sequence,stage,execution_status,timestamp,research_domain,language,environment,environment_type,access_basis,query_version,exact_query,search_mode,fields_searched,filter_configuration,temporal_constraint,geographic_constraint,displayed_result_count,records_inspected,terminology_observed,indexing_terms_observed,transliteration_or_spelling_variants,institutional_terms_observed,access_issue,protocol_change_proposed,lead_ids,parent_execution_id,repeat_required,notes
CAL-001,1,CALIBRATION,COMPLETED,2026-09-25,D1,Persian,Mainstream web search,GENERAL_WEB,Public web,CAL-v1,"کلاردشت باستان‌شناسی میراث فرهنگی",terminology discovery,"titles; snippets; landing-page metadata",none,none,Kelardasht,NOT_ATTRIBUTABLE,AGGREGATED_RESULT_SET,"میراث فرهنگی; باستان‌شناسی; تپه باستانی; آثار تاریخی; کاوش باستان‌شناسی","heritage; archaeology; archaeological site",باستان‌شناسی,"میراث فرهنگی، گردشگری و صنایع دستی; موزه باستان‌شناسی",Four-query batch returned an aggregated result set without per-query counts,"Add site-form terms and institutional ministry phrase; retain half-space variants",LEAD-001,,NO,"No substantive extraction; batch aggregation documented"
CAL-002,2,CALIBRATION,COMPLETED,2026-09-25,D2,Persian,Mainstream web search,GENERAL_WEB,Public web,CAL-v1,"کلاردشت موزه کارگاه‌موزه کارگاه موزه",terminology discovery,"titles; snippets; landing-page metadata",none,none,Kelardasht,NOT_ATTRIBUTABLE,AGGREGATED_RESULT_SET,"موزه; موزه باستان‌شناسی; کاخ‌موزه; کاخ موزه","museum; archaeology museum; palace museum","کارگاه‌موزه; کارگاه موزه; کاخ‌موزه; کاخ موزه","اداره میراث فرهنگی و گردشگری شهرستان",Four-query batch returned an aggregated result set without per-query counts,"Treat workshop-museum forms as test terms but add palace-museum and archaeology-museum forms",,,NO,"No initiative status evaluated"
CAL-003,3,CALIBRATION,COMPLETED,2026-09-25,D3,Persian,Mainstream web search,GENERAL_WEB,Public web,CAL-v1,"کلاردشت طرح برنامه میراث فرهنگی گردشگری",institutional-vocabulary discovery,"titles; snippets; landing-page metadata",none,none,Kelardasht,NOT_ATTRIBUTABLE,AGGREGATED_RESULT_SET,"طرح; پروژه; برنامه; تفاهم‌نامه; پایگاه ملی; منطقه ویژه گردشگری; بهره‌برداری","plan; project; programme; memorandum; national base; special tourism area; operation",تفاهم‌نامه,"اداره کل میراث فرهنگی، گردشگری و صنایع دستی; فرمانداری; شهرداری",Four-query batch returned an aggregated result set without per-query counts,"Add Iranian implementation-status vocabulary and require institution/domain constraints",,,NO,"Statements were not verified"
CAL-004,4,CALIBRATION,COMPLETED,2026-09-25,D4,Persian,"Mainstream web search constrained to sid.ir",DOMAIN_CONSTRAINED_WEB,Public web,CAL-v1,"کلاردشت باستان شناسی مازندران",academic-indexing proxy,"titles; snippets; indexed metadata",site:sid.ir,none,"Kelardasht; Mazandaran",NOT_ATTRIBUTABLE,AGGREGATED_RESULT_SET,"باستان شناسی; کلاردشت; مازندران","academic article metadata","باستان شناسی; باستان‌شناسی",SID,No clearly attributable SID record surfaced; general-web domain filtering is not a valid proxy for native SID coverage,"Test native Persian academic interfaces separately during formal-environment setup",,,YES,"Access/indexing limitation only; no absence inference"
CAL-005,5,CALIBRATION,COMPLETED,2026-09-25,D1,English,Mainstream web search,GENERAL_WEB,Public web,CAL-v1,"\"Kelardasht\" archaeology heritage",transliteration and site-term discovery,"titles; snippets; publication metadata",none,none,Kelardasht,21,21,"Kelar Mound; Kelar Hill; Tapeh Kelar; Tepe Kelar; Tappeh Kelar; Kelardasht region; western Mazandaran","archaeological site; region; mound; hill","Kelardasht; Kalardasht; Kalar Dasht; Kelardascht","National Museum of Iran",none,"Add Kelar site-name family and observed regional variants",LEAD-001;LEAD-002,,NO,"Metadata inspection only"
CAL-006,6,CALIBRATION,COMPLETED,2026-09-25,D4,English,Mainstream web search,GENERAL_WEB,Public web,CAL-v1,"\"Western Mazandaran\" heritage archaeology Kelardasht",regional academic terminology,"titles; snippets; publication metadata",none,none,"Western Mazandaran; Kelardasht",24,24,"western Mazandaran; west of Mazandaran; Tepe Kalār; Tapeh Kelar; prehistoric cultural developments; archaeological excavations","regional archaeology; archaeological excavation","Kalārdašt; Kalār-rostāq; Tepe Kalār; Tapeh Kelar","academic and reference-work metadata",none,"Search both western Mazandaran and west of Mazandaran; retain diacritic variants for discovery",LEAD-002,,NO,"No regional evidence generalized to Kelardasht"
CAL-007,7,CALIBRATION,COMPLETED,2026-09-25,D5,English,Mainstream web search,GENERAL_WEB,Public web,CAL-v1,"\"heritage tourism\" archaeotourism planning terminology",concept-family calibration,"titles; snippets; abstracts; keywords",none,none,none,28,28,"heritage tourism; archaeological tourism; archaeotourism; archaeology-based tourism; cultural heritage tourism; heritage tourism development","tourism planning; heritage-site management; archaeotourist",archaeotourism,"academic tourism and heritage terminology",none,"Keep archaeotourism as a specific family alongside broader heritage and cultural tourism terms",,,NO,"Concept relations only; no findings"
CAL-008,8,CALIBRATION,COMPLETED,2026-09-25,D6,English,Mainstream web search,GENERAL_WEB,Public web,CAL-v1,"\"heritage governance\" \"conservation readiness\" \"visitor management\"",concept-family calibration,"titles; snippets; abstracts; headings",none,none,none,6,6,"governance and management; readiness assessment; pre-nomination readiness; management effectiveness; integrated living heritage management; people-centred conservation; visitor management","Historic Urban Landscape; heritage impact assessment; tourism-impact monitoring",none,"UNESCO; ICOMOS terminology surfaced in indexed pages",Over-constrained query; conservation readiness did not behave as a stable indexing phrase,"Demote literal conservation readiness; add readiness assessment preparedness management effectiveness and integrated heritage management — OWNER REVIEW REQUIRED",,,YES,"Low-yield query documented; no substantive assessment"
CAL-009,9,CALIBRATION,COMPLETED,2026-09-25,D7,English,Mainstream web search,GENERAL_WEB,Public web,CAL-v1,"\"community participation\" \"local benefit\" heritage tourism",concept-family calibration,"titles; snippets; abstracts; keywords",none,none,none,18,18,"community involvement; participation in decision-making; benefit-sharing; local ownership; community empowerment; equitable benefits; community-based tourism; community well-being; cultural consent; co-creation","community engagement; resident involvement; benefit distribution",none,"academic and institutional terminology",none,"Separate participation and decision authority from benefit sharing and distribution",,,NO,"Terminology distinctions only"
CAL-010,10,CALIBRATION,COMPLETED,2026-09-25,D8,English,Mainstream web search,GENERAL_WEB,Public web,CAL-v1,"\"limits of acceptable change\" visitor management heritage",concept-family calibration,"titles; snippets; abstracts; keywords",none,none,none,19,19,"visitor use management; Limits of Acceptable Change; Visitor Experience and Resource Protection; Visitor Impact Management; management by objectives; indicators and standards","VUM; LAC; VERP; visitor capacity controls",none,"protected-area and heritage-management terminology",none,"Keep carrying capacity distinct from LAC VUM VERP and visitor-impact-management families",LEAD-005,,NO,"No management approach evaluated"
CAL-011,11,CALIBRATION,COMPLETED,2026-09-25,D9,English,Mainstream web search,GENERAL_WEB,Public web,CAL-v1,"\"policy transfer\" \"lesson drawing\" \"policy mobility\" contextual adaptation",concept-family calibration,"titles; snippets; abstracts; keywords",none,none,none,18,18,"policy transfer; lesson-drawing; policy mobility; policy mobilities; policy translation; policy mutation; policy diffusion; policy learning; policy circulation; institutional transplantation; institutional bricolage; recontextualisation","transfer failure; inappropriate transfer; incomplete transfer; emulation; hybridisation",none,"academic policy-studies terminology",none,"Prioritize established transfer mobility learning translation and failure families; keep adaptive transfer supplemental — OWNER REVIEW REQUIRED",,,NO,"Concepts not treated as interchangeable"
CAL-012,12,CALIBRATION,COMPLETED,2026-09-25,D5,Spanish,Mainstream web search,GENERAL_WEB,Public web,CAL-v1,"\"turismo arqueológico\" planificación patrimonio",concept and planning terminology,"titles; snippets; abstracts; headings",none,none,none,25,25,"patrimonio arqueológico; turismo arqueológico; arqueoturismo; ordenamiento y gestión; planificación y gestión de destinos; puesta en valor; visitabilidad; uso social","sitios arqueológicos; parques arqueológicos; áreas arqueológicas; recursos turísticos arqueológicos",arqueoturismo,"Plan Nacional de Arqueología; protección conservación restauración investigación documentación formación difusión",none,"Add visitabilidad uso social and national-plan vocabulary; preserve tourism/heritage distinctions",LEAD-004,,NO,"No Spanish case identified or screened"
CAL-013,13,CALIBRATION,COMPLETED,2026-09-25,D6,Spanish,Mainstream web search,GENERAL_WEB,Public web,CAL-v1,"\"gobernanza del patrimonio\" \"gestión patrimonial\"",concept-family calibration,"titles; snippets; abstracts; headings",none,none,none,18,18,"gobernanza del patrimonio cultural; gobernanza participativa; gobernanza en red; gestión del patrimonio cultural; tutela del patrimonio cultural; políticas culturales; coordinación interadministrativa; uso público","heritage governance; cultural policy; public use",none,"institutional and academic heritage terminology",Gestión patrimonial alone is highly ambiguous and retrieves private-wealth management,"Qualify gestión patrimonial with cultural arqueológico or bienes culturales; prefer gestión del patrimonio cultural",,,NO,"Meaning ambiguity documented"
CAL-014,14,CALIBRATION,COMPLETED,2026-09-25,D7,Spanish,Mainstream web search,GENERAL_WEB,Public web,CAL-v1,"\"participación comunitaria\" patrimonio turismo \"beneficio local\"",concept-family calibration,"titles; snippets; abstracts; keywords",none,none,none,18,18,"turismo comunitario; turismo de base comunitaria; participación activa; control comunitario; reinversión local; distribución equitativa de beneficios; autogestión; economía social y solidaria; desarrollo de capacidades","community-based tourism; benefit distribution; community control",none,"academic and institutional terminology",Results skewed toward Latin America rather than Spain,"Add España or official/regional constraints for Spain-specific formal retrieval; keep concepts separate",,,NO,"No community condition inferred"
CAL-015,15,CALIBRATION,COMPLETED,2026-09-25,D8,Spanish,Mainstream web search,GENERAL_WEB,Public web,CAL-v1,"\"capacidad de acogida\" \"capacidad de carga\" \"gestión de visitantes\"",concept-family calibration,"titles; snippets; abstracts; headings",none,none,none,16,16,"capacidad de acogida turística; capacidad de carga turística; gestión de flujos de visitantes; visita pública; afluencia; saturación; umbrales; límites de cambio aceptable","capacidad física; real; efectiva; capacidad de manejo; flujos de visitantes",none,"academic and protected-area management terminology",none,"Treat capacidad de acogida capacidad de carga gestión de flujos and gestión de visitantes as related but distinct families",LEAD-005,,NO,"Terminology only; no threshold or case evaluated"
CAL-016,16,CALIBRATION,COMPLETED,2026-09-25,D10,Spanish,Mainstream web search,GENERAL_WEB,Public web,CAL-v1,"patrimonio arqueológico turismo rural montaña paisaje protegido planificación España",candidate-discovery vocabulary,"titles; snippets; abstracts; official-page headings",none,none,Spain,29,29,"paisaje cultural; espacio natural protegido; turismo rural; planificación territorial; plan director; conservación preventiva; plan de viabilidad; plan museológico; desarrollo local","Planes Nacionales; Plan Nacional de Arqueología; Plan Nacional de Paisaje Cultural; plan sectorial",none,"Ministerio de Cultura; IPCE; BOE; CSIC metadata",Broad query surfaced named places; none were screened or retained as candidates,"Add instrument vocabulary and require discovery/screening separation",LEAD-004,,NO,"No candidate selected or screened"
CAL-017,17,CALIBRATION,COMPLETED,2026-09-25,D11,Spanish,"Mainstream web search constrained to datos.gob.es",OFFICIAL_DOMAIN_DISCOVERY,Public official portal indexed via web,CAL-v1,"site:datos.gob.es patrimonio arqueológico turismo datos abiertos geoespacial",official data-vocabulary calibration,"titles; snippets; catalogue metadata",site:datos.gob.es,none,Spain,18,18,"conjunto de datos; publicador; nivel de administración; cobertura geográfica; frecuencia de actualización; distribuciones; licencia; interoperabilidad","WMS; WFS; GeoJSON; KML; CSV; EPSG; INSPIRE; API; geoespacial",none,"datos.gob.es; IGN; CNIG; Catálogo Oficial de Datos y Servicios INSPIRE",No dataset downloaded or tested,"Add catalogue and service vocabulary; later assess provenance licensing coverage and update status formally",LEAD-006,,NO,"Existence not accepted as data fitness"
CAL-018,18,CALIBRATION,COMPLETED,2026-09-25,D2,Persian,Mainstream web search,GENERAL_WEB,Public web,CAL-v1,"\"کارگاه‌موزه\" کلاردشت",spacing and half-space test,"titles; snippets",exact phrase with half-space,none,Kelardasht,0,0,کارگاه‌موزه,exact-phrase behavior,کارگاه‌موزه,none,Empty result set; no absence inference,"Do not rely on this phrase alone; retain as optional variant",,,NO,"Exact half-space form returned no results"
CAL-019,19,CALIBRATION,COMPLETED,2026-09-25,D2,Persian,Mainstream web search,GENERAL_WEB,Public web,CAL-v1,"\"کارگاه موزه\" کلاردشت",spacing test,"titles; snippets; headings",exact phrase with ordinary space,none,Kelardasht,21,21,"کارگاه موزه; کاخ موزه; موزه باستان شناسی; کارگاه آموزشی","museum workshop; palace museum",کارگاه موزه,"اداره کل میراث فرهنگی، گردشگری و صنایع دستی",High retrieval but mostly phrase-splitting and unrelated workshop/museum contexts,"Use quoted and hyphen/half-space variants with institution or museum-type qualifiers",,,NO,"Retrieval contrast is indexing behavior only"
CAL-020,20,CALIBRATION,COMPLETED,2026-09-25,D1,Persian,Mainstream web search,GENERAL_WEB,Public web,CAL-v1,"\"میراث باستان‌شناختی\" کلاردشت",half-space terminology test,"titles; snippets; official-page metadata",exact phrase with half-space,none,Kelardasht,17,17,"میراث باستان‌شناختی; غنای باستان‌شناختی; آثار تاریخی و باستانی; موزه باستان‌شناسی","archaeological heritage; archaeological richness",باستان‌شناختی,"موزه ملی ایران; وزارت میراث فرهنگی، گردشگری و صنایع دستی",Current news created recency noise,"Pair heritage term with site research excavation or official-domain qualifiers; retain half-space and spaced variants",LEAD-001,,NO,"No claim evaluated"
CAL-021,21,CALIBRATION,COMPLETED,2026-09-25,D1,Persian,Mainstream web search,GENERAL_WEB,Public web,CAL-v1,"\"میراث باستان شناختی\" کلاردشت",spacing terminology test,"titles; snippets; publication metadata",exact phrase without half-space,none,Kelardasht,17,17,"مواد باستان شناختی; بررسی‌های باستان شناسی; کاوش‌های باستان شناختی; محوطه باستان شناختی","archaeological survey; excavation; archaeological material",باستان شناختی,"archaeological research and heritage institutions in metadata",Current news and older informal pages mixed with academic metadata,"Search both orthographies and add research-method vocabulary",LEAD-002,,NO,"No evidence extracted"
CAL-022,22,CALIBRATION,COMPLETED,2026-09-25,D5,Persian,Mainstream web search,GENERAL_WEB,Public web,CAL-v1,"\"گردشگری تاریخی\" کلاردشت",tourism-term comparison,"titles; snippets; official-page metadata",exact phrase,none,Kelardasht,22,22,"گردشگری تاریخی; مجموعه گردشگری تاریخی; ظرفیت تاریخی و باستان‌شناختی","historical tourism; historic tourism complex",none,"official and media terminology",Strong recency and news duplication; broad public-discourse usage,"Use for institutional/public-discourse searching but distinguish from academic heritage-tourism families",,,NO,"No tourism-development claim assessed"
CAL-023,23,CALIBRATION,COMPLETED,2026-09-25,D5,Persian,Mainstream web search,GENERAL_WEB,Public web,CAL-v1,"\"گردشگری میراث\" کلاردشت",tourism-term comparison,"titles; snippets; landing-page metadata",exact phrase,none,Kelardasht,33,33,"میراث فرهنگی و گردشگری; گردشگری; توسعه گردشگری","heritage and tourism co-occurrence",none,"municipal and local channels",Phrase splitting produced low-precision results and substantial social/index noise,"Do not use گردشگری میراث alone as a core literal phrase; prefer qualified cultural-historical forms",,,NO,"No local initiative verified"
CAL-024,24,CALIBRATION,COMPLETED,2026-09-25,D5,Persian,Mainstream web search,GENERAL_WEB,Public web,CAL-v1,"\"گردشگری فرهنگی\" کلاردشت",tourism-term comparison,"titles; snippets; official-page metadata",exact phrase,none,Kelardasht,19,19,"گردشگری فرهنگی; توسعه گردشگری فرهنگی; بهره‌برداری فرهنگی و گردشگری; ظرفیت‌های تاریخی و فرهنگی","cultural tourism; cultural-tourism development",none,"local government and heritage-administration vocabulary",Mixed official reporting and generic promotional content,"Retain گردشگری فرهنگی as core Persian family with institutional or academic qualifiers",,,NO,"No desirability or implementation conclusion"
CAL-025,25,CALIBRATION,COMPLETED,2026-09-25,D1,English,Mainstream web search,GENERAL_WEB,Public web,CAL-v1,"\"Kelar Dasht\" archaeology",romanisation test,"titles; snippets; publication metadata",exact phrase,none,Kelardasht,21,21,"Kelar Dasht; Kelar-Dasht; Kelar Mound; Kelar Tappeh; Tapeh Kelar; Kelardasht region","archaeological site naming","Kelar Dasht; Kelar-Dasht; Kelardasht; Kalar Dasht; Kalār Dasht","National Museum of Iran; scholarly publication metadata",Search engine normalization and document OCR blur exact-form attribution,"Include joined spaced and hyphenated forms plus site-name variants; do not set canonical form by frequency",LEAD-001;LEAD-002,,NO,"Metadata only"
CAL-026,26,CALIBRATION,COMPLETED,2026-09-25,D1,English,Mainstream web search,GENERAL_WEB,Public web,CAL-v1,"\"Kelār Dasht\" archaeology",diacritic romanisation test,"titles; snippets; publication metadata",exact phrase with diacritic,none,Kelardasht,21,21,"Kelar Dasht; Kelar-Dasht; Tepe Kelar; Tapeh Kelar","archaeological site naming","Kelār Dasht; Kalār Dasht; Kelar Dasht; Kelardasht; Kelārdasht","National Museum of Iran; scholarly publication metadata",Search engine largely normalized the diacritic and returned non-diacritic forms,"Retain diacritic variants for discovery but treat platform behavior as normalization-prone",LEAD-001;LEAD-002,,NO,"Canonical naming remains governed by Language Protocol"
CAL-027,27,CALIBRATION,COMPLETED,2026-09-25,D7,Persian,Mainstream web search,GENERAL_WEB,Public web,CAL-v1,"کلاردشت \"مشارکت جامعه محلی\" گردشگری میراث",community-term calibration,"titles; snippets; abstracts; keywords",exact community phrase,none,"Kelardasht with Iranian contextual results",19,19,"مشارکت جامعه محلی; جوامع محلی; گردشگری اجتماع‌محور; گردشگری جامعه‌محور; توانمندسازی; ذی‌نفعان محلی; توزیع عادلانه منافع; اقتصاد محلی","community-based tourism; stakeholder participation; local empowerment; benefit distribution","اجتماع‌محور; جامعه‌محور","academic and policy terminology",Few Kelardasht-specific records; national/contextual records dominated,"Add both community-based variants and benefit-distribution empowerment stakeholder terms; do not generalize national results",LEAD-003,,NO,"No community view or impact inferred"
CAL-028,28,CALIBRATION,COMPLETED,2026-09-25,D11,Persian,Mainstream web search,GENERAL_WEB,Public web,CAL-v1,"کلاردشت آمار گردشگری داده مکانی مرز اداری میراث فرهنگی",data-environment vocabulary,"titles; snippets; catalogue and landing-page metadata",none,none,Kelardasht,22,22,"آمار گردشگری; داده مکانی; مرز اداری; نقشه; سالنامه آماری; سامانه جامع نظارت آمار و اطلاعات; شهرستان; بخش; دهستان","tourism statistics; spatial data; administrative boundary; statistical yearbook; information system",none,"فرمانداری; مرکز آمار ایران; وزارت میراث فرهنگی، گردشگری و صنایع دستی; سامانه جانا",Official local site surfaced through a third-party index; public access and authoritative data availability remain unverified,"Add official statistical-yearbook administrative-unit and سامانه vocabulary; require direct ownership and access verification later",,,NO,"No dataset acquired or fitness assessed"
